{
  "subject": 17,
  "variant": "noib",
  "fold_results": [
    [
      2.7541232109069824,
      1.5197590589523315,
      1.3556632995605469,
      0.5243903994560242,
      0.5243903994560242,
      0.8866854906082153,
      0.8866854906082153,
      0.9959761500358582,
      0.5600000023841858,
      0.5550000071525574
    ],
    [
      1.855257272720337,
      0.7925752997398376,
      0.6179488301277161,
      0.5574220418930054,
      0.5574220418930054,
      0.907741367816925,
      0.907741367816925,
      0.9969037175178528,
      0.7250000238418579,
      0.7400000095367432
    ],
    [
      1.8732993602752686,
      0.8038230538368225,
      0.710281491279602,
      0.44378235936164856,
      0.44378235936164856,
      0.901500403881073,
      0.901500403881073,
      0.996159017086029,
      0.7749999761581421,
      0.7850000262260437
    ]
  ],
  "mean_results": [
    2.160893281300863,
    1.0387191375096638,
    0.8946312069892883,
    0.5085316002368927,
    0.5085316002368927,
    0.8986424207687378,
    0.8986424207687378,
    0.9963462948799133,
    0.6866666674613953,
    0.6933333476384481
  ]
}