{
  "subject": 28,
  "variant": "noib",
  "fold_results": [
    [
      1.850732445716858,
      0.6760812997817993,
      0.6831656694412231,
      0.6501551866531372,
      0.6501551866531372,
      0.92869633436203,
      0.92869633436203,
      0.9954789280891418,
      0.5149999856948853,
      0.5350000262260437
    ],
    [
      2.333275556564331,
      0.9118329882621765,
      0.9508470296859741,
      0.7366620302200317,
      0.7366620302200317,
      0.9406737089157104,
      0.9406737089157104,
      0.9790070652961731,
      0.4950000047683716,
      0.4300000071525574
    ],
    [
      3.1697311401367188,
      1.3083943128585815,
      1.0839811563491821,
      0.6249939203262329,
      0.6249939203262329,
      0.870819091796875,
      0.870819091796875,
      0.9862586259841919,
      0.38999998569488525,
      0.41999998688697815
    ]
  ],
  "mean_results": [
    2.4512463808059692,
    0.9654362003008524,
    0.9059979518254598,
    0.6706037123998007,
    0.6706037123998007,
    0.9133963783582052,
    0.9133963783582052,
    0.986914873123169,
    0.4666666587193807,
    0.46166667342185974
  ]
}