{
  "subject": 6,
  "variant": "noib",
  "fold_results": [
    [
      2.031348943710327,
      0.6964476704597473,
      0.6895738244056702,
      0.5163208246231079,
      0.5163208246231079,
      0.858119010925293,
      0.858119010925293,
      0.9687930941581726,
      0.5249999761581421,
      0.5149999856948853
    ],
    [
      2.012312889099121,
      0.8300186991691589,
      0.7239881157875061,
      0.6098192930221558,
      0.6098192930221558,
      0.9039702415466309,
      0.9039702415466309,
      0.9943588972091675,
      0.5350000262260437,
      0.574999988079071
    ],
    [
      2.3956308364868164,
      0.8546748161315918,
      0.8137919306755066,
      0.5290455222129822,
      0.5290455222129822,
      0.8400056958198547,
      0.8400056958198547,
      0.988503098487854,
      0.47999998927116394,
      0.5550000071525574
    ]
  ],
  "mean_results": [
    2.1464308897654214,
    0.7937137285868326,
    0.7424512902895609,
    0.5517285466194153,
    0.5517285466194153,
    0.8673649827639262,
    0.8673649827639262,
    0.9838850299517313,
    0.5133333305517832,
    0.5483333269755045
  ]
}