{
  "subject": 10,
  "variant": "noib",
  "fold_results": [
    [
      2.6233277320861816,
      0.9122610092163086,
      0.9782813191413879,
      0.5151691436767578,
      0.5151691436767578,
      0.8493595123291016,
      0.8493595123291016,
      0.993665337562561,
      0.5849999785423279,
      0.5149999856948853
    ],
    [
      4.0994648933410645,
      2.212346315383911,
      0.8600513339042664,
      0.419373095035553,
      0.419373095035553,
      0.8063117861747742,
      0.8063117861747742,
      0.9990954399108887,
      0.5099999904632568,
      0.5799999833106995
    ],
    [
      3.3955702781677246,
      2.792536497116089,
      0.6456510424613953,
      0.5355280041694641,
      0.5355280041694641,
      0.9344509840011597,
      0.9344509840011597,
      0.9874616861343384,
      0.4699999988079071,
      0.6150000095367432
    ]
  ],
  "mean_results": [
    3.3727876345316568,
    1.9723812739054363,
    0.8279945651690165,
    0.490023414293925,
    0.490023414293925,
    0.8633740941683451,
    0.8633740941683451,
    0.9934074878692627,
    0.5216666559378306,
    0.5699999928474426
  ]
}