{
  "subject": 19,
  "variant": "noib",
  "fold_results": [
    [
      1.8684314489364624,
      0.7743377089500427,
      0.4760213792324066,
      0.645172655582428,
      0.645172655582428,
      0.881368100643158,
      0.881368100643158,
      0.9995225667953491,
      0.7900000214576721,
      0.8100000023841858
    ],
    [
      1.2602626085281372,
      0.37765952944755554,
      0.26496273279190063,
      0.5098387598991394,
      0.5098387598991394,
      0.9202123880386353,
      0.9202123880386353,
      0.9994572997093201,
      0.8199999928474426,
      0.8700000047683716
    ],
    [
      1.7411471605300903,
      0.6409045457839966,
      0.734370768070221,
      0.6243972182273865,
      0.6243972182273865,
      0.8465510010719299,
      0.8465510010719299,
      0.9966960549354553,
      0.8050000071525574,
      0.7749999761581421
    ]
  ],
  "mean_results": [
    1.62328040599823,
    0.5976339280605316,
    0.4917849600315094,
    0.593136211236318,
    0.593136211236318,
    0.8827104965845743,
    0.8827104965845743,
    0.9985586404800415,
    0.8050000071525574,
    0.8183333277702332
  ]
}