{
  "subject": 22,
  "variant": "noib",
  "fold_results": [
    [
      2.1365139484405518,
      0.8570172190666199,
      0.7048116326332092,
      0.5727103352546692,
      0.5727103352546692,
      0.9024834632873535,
      0.9024834632873535,
      0.9951640367507935,
      0.5400000214576721,
      0.6000000238418579
    ],
    [
      2.008481502532959,
      0.8686352968215942,
      0.6838918328285217,
      0.6570582389831543,
      0.6570582389831543,
      0.9427090883255005,
      0.9427090883255005,
      0.9917935132980347,
      0.44999998807907104,
      0.5299999713897705
    ],
    [
      2.401273250579834,
      1.4028741121292114,
      0.8443878293037415,
      0.6619783639907837,
      0.6619783639907837,
      0.9114111661911011,
      0.9114111661911011,
      0.99712735414505,
      0.5,
      0.5600000023841858
    ]
  ],
  "mean_results": [
    2.1820895671844482,
    1.0428422093391418,
    0.7443637649218241,
    0.630582312742869,
    0.630582312742869,
    0.9188679059346517,
    0.9188679059346517,
    0.9946949680646261,
    0.49666666984558105,
    0.5633333325386047
  ]
}