{
  "subject": 27,
  "variant": "noib",
  "fold_results": [
    [
      2.2483224868774414,
      0.8710667490959167,
      0.8987785577774048,
      0.7517709136009216,
      0.7517709136009216,
      0.9268860816955566,
      0.9268860816955566,
      0.999483585357666,
      0.7099999785423279,
      0.699999988079071
    ],
    [
      0.7849297523498535,
      0.2990613579750061,
      0.18279214203357697,
      0.6685495376586914,
      0.6685495376586914,
      0.8697113394737244,
      0.8697113394737244,
      0.9964986443519592,
      0.9200000166893005,
      0.9599999785423279
    ],
    [
      0.8959004878997803,
      0.217799112200737,
      0.17082440853118896,
      0.6767579913139343,
      0.6767579913139343,
      0.8650990128517151,
      0.8650990128517151,
      0.9967536926269531,
      0.9049999713897705,
      0.9399999976158142
    ]
  ],
  "mean_results": [
    1.3097175757090251,
    0.4626424064238866,
    0.4174650361140569,
    0.6990261475245158,
    0.6990261475245158,
    0.8872321446736654,
    0.8872321446736654,
    0.9975786407788595,
    0.8449999888737997,
    0.8666666547457377
  ]
}