{
  "subject": 3,
  "variant": "noib",
  "fold_results": [
    [
      1.611648440361023,
      0.5366972088813782,
      0.4274856448173523,
      0.5556280016899109,
      0.5556280016899109,
      0.9146866202354431,
      0.9146866202354431,
      0.9970875978469849,
      0.7099999785423279,
      0.75
    ],
    [
      1.4456974267959595,
      0.4744136929512024,
      0.47686371207237244,
      0.6176981329917908,
      0.6176981329917908,
      0.9150001406669617,
      0.9150001406669617,
      0.9961866140365601,
      0.7699999809265137,
      0.7649999856948853
    ],
    [
      1.9500967264175415,
      0.792381227016449,
      0.8847016096115112,
      0.6404903531074524,
      0.6404903531074524,
      0.9011222720146179,
      0.9011222720146179,
      0.9822357892990112,
      0.7049999833106995,
      0.6800000071525574
    ]
  ],
  "mean_results": [
    1.669147531191508,
    0.6011640429496765,
    0.5963503221670786,
    0.604605495929718,
    0.604605495929718,
    0.9102696776390076,
    0.9102696776390076,
    0.991836667060852,
    0.728333314259847,
    0.7316666642824808
  ]
}