{
  "subject": 11,
  "variant": "noib",
  "fold_results": [
    [
      2.0196590423583984,
      0.948417067527771,
      0.7876046895980835,
      0.6654243469238281,
      0.6654243469238281,
      0.922965943813324,
      0.922965943813324,
      0.9978531002998352,
      0.5249999761581421,
      0.5400000214576721
    ],
    [
      4.27090311050415,
      1.9124577045440674,
      1.5641533136367798,
      0.6244925260543823,
      0.6244925260543823,
      0.8522025346755981,
      0.8522025346755981,
      0.9758611917495728,
      0.49000000953674316,
      0.5249999761581421
    ],
    [
      1.8411215543746948,
      0.6868337392807007,
      0.658333957195282,
      0.6368796229362488,
      0.6368796229362488,
      0.9049687385559082,
      0.9049687385559082,
      0.9933194518089294,
      0.6499999761581421,
      0.6150000095367432
    ]
  ],
  "mean_results": [
    2.710561235745748,
    1.1825695037841797,
    1.0033639868100483,
    0.6422654986381531,
    0.6422654986381531,
    0.8933790723482767,
    0.8933790723482767,
    0.9890112479527792,
    0.5549999872843424,
    0.5600000023841858
  ]
}