{
  "subject": 12,
  "variant": "noib",
  "fold_results": [
    [
      3.228727102279663,
      1.5809507369995117,
      1.1678181886672974,
      0.7557047009468079,
      0.7557047009468079,
      0.9386754631996155,
      0.9386754631996155,
      0.9993137717247009,
      0.5899999737739563,
      0.5450000166893005
    ],
    [
      4.2501749992370605,
      2.325732469558716,
      1.1224809885025024,
      0.5215926170349121,
      0.5215926170349121,
      0.8879464864730835,
      0.8879464864730835,
      0.9935464262962341,
      0.5199999809265137,
      0.5649999976158142
    ],
    [
      1.6934318542480469,
      0.7033767700195312,
      0.6066125631332397,
      0.6983203887939453,
      0.6983203887939453,
      0.9731684923171997,
      0.9731684923171997,
      0.984216034412384,
      0.5299999713897705,
      0.6050000190734863
    ]
  ],
  "mean_results": [
    3.0574446519215903,
    1.536686658859253,
    0.9656372467676798,
    0.6585392355918884,
    0.6585392355918884,
    0.9332634806632996,
    0.9332634806632996,
    0.9923587441444397,
    0.5466666420300802,
    0.5716666777928671
  ]
}