{
  "subject": 1,
  "variant": "noib",
  "fold_results": [
    [
      1.5684925317764282,
      0.45686107873916626,
      0.39505037665367126,
      0.5468681454658508,
      0.5468681454658508,
      0.8416078686714172,
      0.8416078686714172,
      0.9965887069702148,
      0.7250000238418579,
      0.7799999713897705
    ],
    [
      1.190314769744873,
      0.5469115376472473,
      0.4126260280609131,
      0.7153331637382507,
      0.7153331637382507,
      0.922360897064209,
      0.922360897064209,
      0.9992939829826355,
      0.8149999976158142,
      0.8450000286102295
    ],
    [
      1.850091576576233,
      0.7704266309738159,
      0.6284698843955994,
      0.7002776265144348,
      0.7002776265144348,
      0.9195428490638733,
      0.9195428490638733,
      0.9957636594772339,
      0.7599999904632568,
      0.7549999952316284
    ]
  ],
  "mean_results": [
    1.5362996260325115,
    0.5913997491200765,
    0.4787154297033946,
    0.6541596452395121,
    0.6541596452395121,
    0.8945038715998331,
    0.8945038715998331,
    0.9972154498100281,
    0.7666666706403097,
    0.7933333317438761
  ]
}