{
  "subject": 4,
  "variant": "noib",
  "fold_results": [
    [
      2.279778480529785,
      1.2241055965423584,
      0.7945264577865601,
      0.6733428239822388,
      0.6733428239822388,
      0.9095965027809143,
      0.9095965027809143,
      0.9846674799919128,
      0.5550000071525574,
      0.5249999761581421
    ],
    [
      1.875118374824524,
      0.7529211044311523,
      0.71812504529953,
      0.6134843826293945,
      0.6134843826293945,
      0.9168581962585449,
      0.9168581962585449,
      0.992973268032074,
      0.574999988079071,
      0.6000000238418579
    ],
    [
      1.8941673040390015,
      0.766646683216095,
      0.6648924946784973,
      0.7563837170600891,
      0.7563837170600891,
      0.9244813919067383,
      0.9244813919067383,
      0.9804902672767639,
      0.6200000047683716,
      0.5649999976158142
    ]
  ],
  "mean_results": [
    2.01635471979777,
    0.9145577947298685,
    0.7258479992548624,
    0.6810703078905741,
    0.6810703078905741,
    0.9169786969820658,
    0.9169786969820658,
    0.9860436717669169,
    0.5833333333333334,
    0.5633333325386047
  ]
}