{
  "subject": 9,
  "variant": "noib",
  "fold_results": [
    [
      0.7245658040046692,
      0.27589356899261475,
      0.11628016084432602,
      0.6816369295120239,
      0.6816369295120239,
      0.883663535118103,
      0.883663535118103,
      0.9991899132728577,
      0.925000011920929,
      0.9649999737739563
    ],
    [
      1.2707594633102417,
      0.32807210087776184,
      0.2019934356212616,
      0.4365192949771881,
      0.4365192949771881,
      0.8662840127944946,
      0.8662840127944946,
      0.9841082692146301,
      0.8999999761581421,
      0.9150000214576721
    ],
    [
      1.7966276407241821,
      0.5626486539840698,
      0.5821152925491333,
      0.6182180643081665,
      0.6182180643081665,
      0.8509810566902161,
      0.8509810566902161,
      0.9986329674720764,
      0.7950000166893005,
      0.8199999928474426
    ]
  ],
  "mean_results": [
    1.2639843026796977,
    0.3888714412848155,
    0.30012962967157364,
    0.5787914295991262,
    0.5787914295991262,
    0.8669762015342712,
    0.8669762015342712,
    0.9939770499865214,
    0.8733333349227905,
    0.899999996026357
  ]
}