{
  "subject": 14,
  "variant": "noib",
  "fold_results": [
    [
      4.034835338592529,
      2.2923693656921387,
      0.8608542084693909,
      0.6149597764015198,
      0.6149597764015198,
      0.8330134153366089,
      0.8330134153366089,
      0.9991459250450134,
      0.5450000166893005,
      0.5550000071525574
    ],
    [
      4.16941499710083,
      2.8103935718536377,
      0.8241811990737915,
      0.627773106098175,
      0.627773106098175,
      0.9190924763679504,
      0.9190924763679504,
      0.9712380170822144,
      0.4650000035762787,
      0.574999988079071
    ],
    [
      2.3362085819244385,
      1.0630772113800049,
      0.7714809775352478,
      0.6277220845222473,
      0.6277220845222473,
      0.9181309342384338,
      0.9181309342384338,
      0.9699593782424927,
      0.49000000953674316,
      0.574999988079071
    ]
  ],
  "mean_results": [
    3.513486305872599,
    2.0552800496419272,
    0.8188387950261434,
    0.6234849890073141,
    0.6234849890073141,
    0.8900789419809977,
    0.8900789419809977,
    0.9801144401232401,
    0.5000000099341074,
    0.5683333277702332
  ]
}