{
  "subject": 20,
  "variant": "noib",
  "fold_results": [
    [
      2.3055174350738525,
      0.9604868292808533,
      0.6750996708869934,
      0.4675776958465576,
      0.4675776958465576,
      0.8831347227096558,
      0.8831347227096558,
      0.9500657320022583,
      0.45500001311302185,
      0.4950000047683716
    ],
    [
      2.12082576751709,
      0.7019444704055786,
      0.693909227848053,
      0.507282018661499,
      0.507282018661499,
      0.8539468050003052,
      0.8539468050003052,
      0.9393383860588074,
      0.5299999713897705,
      0.5350000262260437
    ],
    [
      2.0533738136291504,
      0.7094582915306091,
      0.7017744183540344,
      0.5545515418052673,
      0.5545515418052673,
      0.8554441332817078,
      0.8554441332817078,
      0.9954148530960083,
      0.5199999809265137,
      0.49000000953674316
    ]
  ],
  "mean_results": [
    2.1599056720733643,
    0.7906298637390137,
    0.6902611056963602,
    0.5098037521044413,
    0.5098037521044413,
    0.8641752203305563,
    0.8641752203305563,
    0.9616063237190247,
    0.501666655143102,
    0.5066666801770529
  ]
}