{
  "subject": 21,
  "variant": "noib",
  "fold_results": [
    [
      1.6970582008361816,
      0.5743857622146606,
      0.6254434585571289,
      0.7129263281822205,
      0.7129263281822205,
      0.9148329496383667,
      0.9148329496383667,
      0.9954424500465393,
      0.6949999928474426,
      0.5550000071525574
    ],
    [
      1.8299189805984497,
      0.6063235998153687,
      0.6007367968559265,
      0.5661896467208862,
      0.5661896467208862,
      0.8717038035392761,
      0.8717038035392761,
      0.9938008189201355,
      0.6650000214576721,
      0.625
    ],
    [
      2.0493643283843994,
      0.8428981900215149,
      0.6344218254089355,
      0.48403722047805786,
      0.48403722047805786,
      0.8702271580696106,
      0.8702271580696106,
      0.992900550365448,
      0.5450000166893005,
      0.6399999856948853
    ]
  ],
  "mean_results": [
    1.8587805032730103,
    0.674535850683848,
    0.6202006936073303,
    0.5877177317937216,
    0.5877177317937216,
    0.8855879704157511,
    0.8855879704157511,
    0.9940479397773743,
    0.6350000103314718,
    0.6066666642824808
  ]
}