{
  "subject": 24,
  "variant": "noib",
  "fold_results": [
    [
      2.109037160873413,
      0.7211708426475525,
      0.7024511694908142,
      0.4975754916667938,
      0.4975754916667938,
      0.8803014755249023,
      0.8803014755249023,
      0.9831705093383789,
      0.5,
      0.5249999761581421
    ],
    [
      2.106938362121582,
      0.7316789627075195,
      0.7153463959693909,
      0.4471965432167053,
      0.4471965432167053,
      0.8780237436294556,
      0.8780237436294556,
      0.9977105855941772,
      0.5350000262260437,
      0.5299999713897705
    ],
    [
      2.1529862880706787,
      0.7435334324836731,
      0.7975073456764221,
      0.5003346800804138,
      0.5003346800804138,
      0.8782364726066589,
      0.8782364726066589,
      0.9992085695266724,
      0.4749999940395355,
      0.4749999940395355
    ]
  ],
  "mean_results": [
    2.1229872703552246,
    0.7321277459462484,
    0.7384349703788757,
    0.4817022383213043,
    0.4817022383213043,
    0.8788538972536722,
    0.8788538972536722,
    0.9933632214864095,
    0.5033333400885264,
    0.5099999805291494
  ]
}