{
  "subject": 8,
  "variant": "noib",
  "fold_results": [
    [
      1.8979970216751099,
      0.6891041994094849,
      0.7081579566001892,
      0.5733800530433655,
      0.5733800530433655,
      0.9146240949630737,
      0.9146240949630737,
      0.9888580441474915,
      0.5550000071525574,
      0.4749999940395355
    ],
    [
      1.8852522373199463,
      0.665237545967102,
      0.7206727862358093,
      0.6178640723228455,
      0.6178640723228455,
      0.9352497458457947,
      0.9352497458457947,
      0.9952020049095154,
      0.5849999785423279,
      0.5
    ],
    [
      2.041537284851074,
      0.7042011022567749,
      0.8298094868659973,
      0.6677094101905823,
      0.6677094101905823,
      0.948560893535614,
      0.948560893535614,
      0.9945284724235535,
      0.6000000238418579,
      0.5
    ]
  ],
  "mean_results": [
    1.9415955146153767,
    0.6861809492111206,
    0.7528800765673319,
    0.619651178518931,
    0.619651178518931,
    0.9328115781148275,
    0.9328115781148275,
    0.9928628404935201,
    0.5800000031789144,
    0.49166666467984516
  ]
}