{
  "subject": 13,
  "variant": "noib",
  "fold_results": [
    [
      2.1659650802612305,
      0.9987289309501648,
      0.7918118238449097,
      0.5712906122207642,
      0.5712906122207642,
      0.8778889775276184,
      0.8778889775276184,
      0.9892279505729675,
      0.6050000190734863,
      0.6549999713897705
    ],
    [
      4.054959297180176,
      3.2552859783172607,
      0.8894036412239075,
      0.6005139946937561,
      0.6005139946937561,
      0.8473407030105591,
      0.8473407030105591,
      0.9997072815895081,
      0.6100000143051147,
      0.6449999809265137
    ],
    [
      2.1849007606506348,
      0.6791388392448425,
      0.629699170589447,
      0.41473227739334106,
      0.41473227739334106,
      0.7921351194381714,
      0.7921351194381714,
      0.9721087217330933,
      0.5849999785423279,
      0.6349999904632568
    ]
  ],
  "mean_results": [
    2.801941712697347,
    1.6443845828374226,
    0.7703048785527548,
    0.5288456281026205,
    0.5288456281026205,
    0.8391215999921163,
    0.8391215999921163,
    0.987014651298523,
    0.600000003973643,
    0.6449999809265137
  ]
}