{
  "subject": 7,
  "variant": "noib",
  "fold_results": [
    [
      2.5800299644470215,
      1.0467661619186401,
      0.8764311075210571,
      0.7516850829124451,
      0.7516850829124451,
      0.9073315858840942,
      0.9073315858840942,
      0.9221301078796387,
      0.6449999809265137,
      0.6349999904632568
    ],
    [
      1.6681710481643677,
      0.7202832102775574,
      0.754219114780426,
      0.779183566570282,
      0.779183566570282,
      0.9124005436897278,
      0.9124005436897278,
      0.991089403629303,
      0.6200000047683716,
      0.6349999904632568
    ],
    [
      2.849752426147461,
      1.363201379776001,
      1.0122737884521484,
      0.5397860407829285,
      0.5397860407829285,
      0.922459065914154,
      0.922459065914154,
      0.9939469695091248,
      0.4699999988079071,
      0.5400000214576721
    ]
  ],
  "mean_results": [
    2.365984479586283,
    1.0434169173240662,
    0.8809746702512106,
    0.6902182300885519,
    0.6902182300885519,
    0.9140637318293253,
    0.9140637318293253,
    0.9690554936726888,
    0.5783333281675974,
    0.6033333341280619
  ]
}