{
  "subject": 2,
  "variant": "noib",
  "fold_results": [
    [
      1.262924313545227,
      0.39511969685554504,
      0.46272802352905273,
      0.6268258690834045,
      0.6268258690834045,
      0.8851576447486877,
      0.8851576447486877,
      0.9877917170524597,
      0.8450000286102295,
      0.800000011920929
    ],
    [
      2.4311623573303223,
      1.28610098361969,
      0.9196429252624512,
      0.5548408031463623,
      0.5548408031463623,
      0.8121224045753479,
      0.8121224045753479,
      0.998382031917572,
      0.675000011920929,
      0.7400000095367432
    ],
    [
      1.4999982118606567,
      0.5203960537910461,
      0.5682564377784729,
      0.7677645683288574,
      0.7677645683288574,
      0.9238554239273071,
      0.9238554239273071,
      0.996101975440979,
      0.800000011920929,
      0.6850000023841858
    ]
  ],
  "mean_results": [
    1.7313616275787354,
    0.733872244755427,
    0.6502091288566589,
    0.6498104135195414,
    0.6498104135195414,
    0.8737118244171143,
    0.8737118244171143,
    0.9940919081370035,
    0.7733333508173624,
    0.7416666746139526
  ]
}