{
  "subject": 18,
  "variant": "noib",
  "fold_results": [
    [
      2.0993764400482178,
      0.6997489929199219,
      0.687617838382721,
      0.5100498795509338,
      0.5100498795509338,
      0.784894585609436,
      0.784894585609436,
      0.985366940498352,
      0.5299999713897705,
      0.5299999713897705
    ],
    [
      2.244715690612793,
      1.1112209558486938,
      0.8036674857139587,
      0.6671715974807739,
      0.6671715974807739,
      0.9137630462646484,
      0.9137630462646484,
      0.9989714622497559,
      0.4050000011920929,
      0.4749999940395355
    ],
    [
      2.063502788543701,
      0.7244493365287781,
      0.6994090676307678,
      0.538680911064148,
      0.538680911064148,
      0.878243625164032,
      0.878243625164032,
      0.9238491058349609,
      0.4399999976158142,
      0.5400000214576721
    ]
  ],
  "mean_results": [
    2.1358649730682373,
    0.845139761765798,
    0.7302314639091492,
    0.5719674626986185,
    0.5719674626986185,
    0.8589670856793722,
    0.8589670856793722,
    0.9693958361943563,
    0.4583333233992259,
    0.5149999956289927
  ]
}