{
  "subject": 23,
  "variant": "noib",
  "fold_results": [
    [
      3.2958550453186035,
      1.6509768962860107,
      1.2720235586166382,
      0.3481115996837616,
      0.3481115996837616,
      0.8551090359687805,
      0.8551090359687805,
      0.9974899291992188,
      0.625,
      0.5849999785423279
    ],
    [
      1.6963555812835693,
      0.7675744295120239,
      0.3411756157875061,
      0.6355617642402649,
      0.6355617642402649,
      0.8969019055366516,
      0.8969019055366516,
      0.9995445013046265,
      0.7350000143051147,
      0.8050000071525574
    ],
    [
      1.471101999282837,
      0.4189426004886627,
      0.5105049014091492,
      0.5289170742034912,
      0.5289170742034912,
      0.8796950578689575,
      0.8796950578689575,
      0.9984849095344543,
      0.8100000023841858,
      0.7649999856948853
    ]
  ],
  "mean_results": [
    2.15443754196167,
    0.9458313087622324,
    0.7079013586044312,
    0.5041968127091726,
    0.5041968127091726,
    0.8772353331247965,
    0.8772353331247965,
    0.9985064466794332,
    0.7233333388964335,
    0.7183333237965902
  ]
}