{
  "subject": 5,
  "variant": "noib",
  "fold_results": [
    [
      3.043522596359253,
      0.7435263395309448,
      0.7908192276954651,
      0.19437000155448914,
      0.19437000155448914,
      0.25599411129951477,
      0.25599411129951477,
      0.9872402548789978,
      0.5,
      0.5
    ],
    [
      2.5410218238830566,
      0.9478253126144409,
      0.6980382204055786,
      0.41267943382263184,
      0.41267943382263184,
      0.7415004372596741,
      0.7415004372596741,
      0.9643053412437439,
      0.4300000071525574,
      0.5799999833106995
    ],
    [
      4.018836498260498,
      2.177870750427246,
      0.8948327302932739,
      0.41021135449409485,
      0.41021135449409485,
      0.793010413646698,
      0.793010413646698,
      0.9119237661361694,
      0.4000000059604645,
      0.4749999940395355
    ]
  ],
  "mean_results": [
    3.201126972834269,
    1.289740800857544,
    0.7945633927981058,
    0.33908692995707196,
    0.33908692995707196,
    0.5968349874019623,
    0.5968349874019623,
    0.9544897874196371,
    0.44333333770434064,
    0.5183333257834116
  ]
}