{
  "subject": 15,
  "variant": "noib",
  "fold_results": [
    [
      2.015775680541992,
      0.7858548164367676,
      0.6792634129524231,
      0.5529292821884155,
      0.5529292821884155,
      0.8741250038146973,
      0.8741250038146973,
      0.9937382936477661,
      0.49000000953674316,
      0.550000011920929
    ],
    [
      1.6905484199523926,
      0.8057212233543396,
      0.6452335119247437,
      0.7240275740623474,
      0.7240275740623474,
      0.9234824180603027,
      0.9234824180603027,
      0.9990177154541016,
      0.6050000190734863,
      0.6349999904632568
    ],
    [
      2.4165918827056885,
      1.0949496030807495,
      0.7757468223571777,
      0.605301558971405,
      0.605301558971405,
      0.9646016359329224,
      0.9646016359329224,
      0.9282078742980957,
      0.49000000953674316,
      0.5600000023841858
    ]
  ],
  "mean_results": [
    2.0409719944000244,
    0.8955085476239523,
    0.7000812490781149,
    0.6274194717407227,
    0.6274194717407227,
    0.9207363526026408,
    0.9207363526026408,
    0.9736546277999878,
    0.5283333460489908,
    0.5816666682561239
  ]
}