{
  "subject": 16,
  "variant": "noib",
  "fold_results": [
    [
      3.057790517807007,
      2.023206949234009,
      1.2671706676483154,
      0.6783859133720398,
      0.6783859133720398,
      0.8990606665611267,
      0.8990606665611267,
      0.9997956156730652,
      0.6299999952316284,
      0.6499999761581421
    ],
    [
      3.5737557411193848,
      2.494018316268921,
      0.6620255708694458,
      0.6919586062431335,
      0.6919586062431335,
      0.883296012878418,
      0.883296012878418,
      0.9738144874572754,
      0.41999998688697815,
      0.6499999761581421
    ],
    [
      1.7016488313674927,
      0.5770544409751892,
      0.5383684039115906,
      0.6350587010383606,
      0.6350587010383606,
      0.7856196165084839,
      0.7856196165084839,
      0.9982075095176697,
      0.699999988079071,
      0.699999988079071
    ]
  ],
  "mean_results": [
    2.777731696764628,
    1.6980932354927063,
    0.8225215474764506,
    0.6684677402178446,
    0.6684677402178446,
    0.8559920986493429,
    0.8559920986493429,
    0.99060587088267,
    0.5833333233992258,
    0.6666666467984518
  ]
}