{
  "subject": 25,
  "variant": "noib",
  "fold_results": [
    [
      1.5738575458526611,
      0.5698127150535583,
      0.5254341959953308,
      0.7410560846328735,
      0.7410560846328735,
      0.8793448209762573,
      0.8793448209762573,
      0.9988406896591187,
      0.7950000166893005,
      0.7699999809265137
    ],
    [
      1.0756211280822754,
      0.3776814937591553,
      0.2999691963195801,
      0.7678714394569397,
      0.7678714394569397,
      0.9355657696723938,
      0.9355657696723938,
      0.9973011612892151,
      0.8349999785423279,
      0.8450000286102295
    ],
    [
      1.2112278938293457,
      0.4067780673503876,
      0.48897626996040344,
      0.7895466685295105,
      0.7895466685295105,
      0.9465792775154114,
      0.9465792775154114,
      0.9943104982376099,
      0.8199999928474426,
      0.7749999761581421
    ]
  ],
  "mean_results": [
    1.2869021892547607,
    0.45142409205436707,
    0.4381265540917714,
    0.7661580642064413,
    0.7661580642064413,
    0.9204966227213541,
    0.9204966227213541,
    0.9968174497286478,
    0.8166666626930237,
    0.796666661898295
  ]
}