{
  "subject": 26,
  "variant": "noib",
  "fold_results": [
    [
      0.8266479969024658,
      0.2787633240222931,
      0.3029255270957947,
      0.7632298469543457,
      0.7632298469543457,
      0.9423975348472595,
      0.9423975348472595,
      0.9999018311500549,
      0.9049999713897705,
      0.8949999809265137
    ],
    [
      1.3919426202774048,
      0.536125123500824,
      0.4423964321613312,
      0.7128070592880249,
      0.7128070592880249,
      0.9400192499160767,
      0.9400192499160767,
      0.998534083366394,
      0.8999999761581421,
      0.9100000262260437
    ],
    [
      1.053195595741272,
      0.35254764556884766,
      0.2255081981420517,
      0.7062756419181824,
      0.7062756419181824,
      0.8883967995643616,
      0.8883967995643616,
      0.9995822310447693,
      0.8650000095367432,
      0.9100000262260437
    ]
  ],
  "mean_results": [
    1.0905954043070476,
    0.3891453643639882,
    0.3236100524663925,
    0.7274375160535177,
    0.7274375160535177,
    0.9236045281092325,
    0.9236045281092325,
    0.9993393818537394,
    0.8899999856948853,
    0.9050000111262003
  ]
}