{
  "subject": 1,
  "variant": "ib",
  "fold_results": [
    [
      1.3882213830947876,
      0.38662680983543396,
      0.3811086118221283,
      0.6143749356269836,
      0.6143749356269836,
      0.8563283085823059,
      0.8563283085823059,
      0.9988304376602173,
      0.6601196527481079,
      0.2375522404909134,
      0.5135284662246704,
      0.8149999976158142,
      0.8100000023841858
    ],
    [
      1.423203706741333,
      0.49674174189567566,
      0.4132416844367981,
      0.6415023803710938,
      0.6415023803710938,
      0.8951996564865112,
      0.8951996564865112,
      0.9488221406936646,
      1.1925972700119019,
      5.9368672370910645,
      0.5510401129722595,
      0.8399999737739563,
      0.824999988079071
    ],
    [
      1.9316314458847046,
      0.7355483174324036,
      0.6360220909118652,
      0.6494179964065552,
      0.6494179964065552,
      0.9217745661735535,
      0.9217745661735535,
      0.9876365661621094,
      1.0960499048233032,
      15.253019332885742,
      0.5661848187446594,
      0.75,
      0.7599999904632568
    ]
  ],
  "mean_results": [
    1.5810188452402751,
    0.5396389563878378,
    0.4767907957235972,
    0.6350984374682108,
    0.6350984374682108,
    0.8911008437474569,
    0.8911008437474569,
    0.9784297148386637,
    0.9829222758611044,
    7.14247960348924,
    0.5435844659805298,
    0.8016666571299235,
    0.7983333269755045
  ]
}