{
  "subject": 21,
  "variant": "ib",
  "fold_results": [
    [
      1.8950268030166626,
      0.8734853863716125,
      0.6539213061332703,
      0.7999376058578491,
      0.7999376058578491,
      0.9628859758377075,
      0.9628859758377075,
      0.9999599456787109,
      0.8056691288948059,
      0.11521248519420624,
      0.8046159744262695,
      0.6949999928474426,
      0.5299999713897705
    ],
    [
      1.6383341550827026,
      0.5593205094337463,
      0.5696552991867065,
      0.6725603342056274,
      0.6725603342056274,
      0.8884773254394531,
      0.8884773254394531,
      0.9885452389717102,
      1.031524658203125,
      2.178678035736084,
      0.7683575749397278,
      0.6200000047683716,
      0.6299999952316284
    ],
    [
      3.6266422271728516,
      2.0212361812591553,
      1.0277918577194214,
      0.6187542676925659,
      0.6187542676925659,
      0.9298390746116638,
      0.9298390746116638,
      0.9999696612358093,
      0.9448111653327942,
      0.2075580507516861,
      0.8419970870018005,
      0.5350000262260437,
      0.5649999976158142
    ]
  ],
  "mean_results": [
    2.3866677284240723,
    1.1513473590215046,
    0.7504561543464661,
    0.6970840692520142,
    0.6970840692520142,
    0.9270674586296082,
    0.9270674586296082,
    0.9961582819620768,
    0.9273349841435751,
    0.8338161905606588,
    0.8049902121225992,
    0.6166666746139526,
    0.574999988079071
  ]
}