{
  "subject": 14,
  "variant": "ib",
  "fold_results": [
    [
      1.995388150215149,
      0.6576935648918152,
      0.6763953566551208,
      0.5582222938537598,
      0.5582222938537598,
      0.8728460669517517,
      0.8728460669517517,
      0.9564966559410095,
      0.9475863575935364,
      0.7474032640457153,
      0.4247581660747528,
      0.5699999928474426,
      0.5249999761581421
    ],
    [
      2.3043017387390137,
      1.16461181640625,
      0.705997109413147,
      0.705610454082489,
      0.705610454082489,
      0.9220507740974426,
      0.9220507740974426,
      0.9908784031867981,
      0.24550959467887878,
      0.9447993040084839,
      0.3688005805015564,
      0.5149999856948853,
      0.5
    ],
    [
      2.2136142253875732,
      0.7065836191177368,
      0.7512598037719727,
      0.5172473192214966,
      0.5172473192214966,
      0.9108700752258301,
      0.9108700752258301,
      0.8762633204460144,
      0.9583317637443542,
      4.442545413970947,
      0.7316758036613464,
      0.5899999737739563,
      0.5600000023841858
    ]
  ],
  "mean_results": [
    2.171101371447245,
    0.8429630001386007,
    0.7112174232800802,
    0.5936933557192484,
    0.5936933557192484,
    0.9019223054250082,
    0.9019223054250082,
    0.941212793191274,
    0.7171425720055898,
    2.0449159940083823,
    0.5084115167458853,
    0.5583333174387614,
    0.528333326180776
  ]
}