{
  "subject": 24,
  "variant": "ib",
  "fold_results": [
    [
      1.8555678129196167,
      0.6715102791786194,
      0.7249379754066467,
      0.6226836442947388,
      0.6226836442947388,
      0.9149832725524902,
      0.9149832725524902,
      0.9949869513511658,
      0.2606986463069916,
      2.1950533390045166,
      0.7325537800788879,
      0.5299999713897705,
      0.5149999856948853
    ],
    [
      2.1844937801361084,
      0.7983270287513733,
      0.9053211212158203,
      0.5170086026191711,
      0.5170086026191711,
      0.9235642552375793,
      0.9235642552375793,
      0.9978602528572083,
      0.7176151871681213,
      1.4343748092651367,
      0.5080404281616211,
      0.5,
      0.5600000023841858
    ],
    [
      2.0748801231384277,
      0.7638503313064575,
      0.7469578981399536,
      0.5224879384040833,
      0.5224879384040833,
      0.8820821046829224,
      0.8820821046829224,
      0.995909571647644,
      0.2323416918516159,
      1.2372289896011353,
      0.8438819646835327,
      0.5,
      0.48500001430511475
    ]
  ],
  "mean_results": [
    2.038313905398051,
    0.74456254641215,
    0.7924056649208069,
    0.5540600617726644,
    0.5540600617726644,
    0.9068765441576639,
    0.9068765441576639,
    0.9962522586186727,
    0.4035518417755763,
    1.6222190459569295,
    0.6948253909746805,
    0.5099999904632568,
    0.5200000007947286
  ]
}