{
  "subject": 3,
  "variant": "ib",
  "fold_results": [
    [
      1.6252998113632202,
      0.4954772889614105,
      0.504460871219635,
      0.5641970038414001,
      0.5641970038414001,
      0.9278908967971802,
      0.9278908967971802,
      0.9988957643508911,
      0.8428739309310913,
      0.5502963066101074,
      0.8799228072166443,
      0.7300000190734863,
      0.6899999976158142
    ],
    [
      1.5694608688354492,
      0.45308706164360046,
      0.5848621726036072,
      0.6436727643013,
      0.6436727643013,
      0.8622931838035583,
      0.8622931838035583,
      0.9875101447105408,
      0.4163212478160858,
      3.5001792907714844,
      0.5078896284103394,
      0.7649999856948853,
      0.675000011920929
    ],
    [
      1.500482439994812,
      0.626276433467865,
      0.5479066967964172,
      0.7172873616218567,
      0.7172873616218567,
      0.8993635177612305,
      0.8993635177612305,
      0.9991840720176697,
      0.7934907078742981,
      0.243473082780838,
      0.7653596997261047,
      0.7149999737739563,
      0.7350000143051147
    ]
  ],
  "mean_results": [
    1.565081040064494,
    0.524946928024292,
    0.5457432468732198,
    0.6417190432548523,
    0.6417190432548523,
    0.8965158661206564,
    0.8965158661206564,
    0.9951966603597006,
    0.6842286288738251,
    1.43131622672081,
    0.7177240451176962,
    0.7366666595141093,
    0.700000007947286
  ]
}