{
  "subject": 25,
  "variant": "ib",
  "fold_results": [
    [
      1.7376015186309814,
      0.7534403204917908,
      0.5737408399581909,
      0.7787480354309082,
      0.7787480354309082,
      0.8991685509681702,
      0.8991685509681702,
      0.9987291693687439,
      0.6556307077407837,
      1.0257552862167358,
      0.7953510284423828,
      0.6600000262260437,
      0.7400000095367432
    ],
    [
      1.3158842325210571,
      0.6351969838142395,
      0.3677121102809906,
      0.8082535862922668,
      0.8082535862922668,
      0.9517322778701782,
      0.9517322778701782,
      0.9952902793884277,
      0.5447603464126587,
      1.1602391004562378,
      0.8459292054176331,
      0.6100000143051147,
      0.8050000071525574
    ],
    [
      1.3576658964157104,
      0.3774473965167999,
      0.7171082496643066,
      0.7963787317276001,
      0.7963787317276001,
      0.9558928608894348,
      0.9558928608894348,
      0.9995335936546326,
      0.8640334010124207,
      0.317627876996994,
      0.7920969724655151,
      0.824999988079071,
      0.574999988079071
    ]
  ],
  "mean_results": [
    1.470383882522583,
    0.5886949002742767,
    0.5528537333011627,
    0.794460117816925,
    0.794460117816925,
    0.9355978965759277,
    0.9355978965759277,
    0.9978510141372681,
    0.6881414850552877,
    0.8345407545566559,
    0.8111257354418436,
    0.6983333428700765,
    0.7066666682561239
  ]
}