{
  "subject": 17,
  "variant": "ib",
  "fold_results": [
    [
      2.4558298587799072,
      1.328576922416687,
      1.337156057357788,
      0.6352887749671936,
      0.6352887749671936,
      0.9179161787033081,
      0.9179161787033081,
      0.9923139810562134,
      0.7701093554496765,
      10.53980827331543,
      0.43919986486434937,
      0.550000011920929,
      0.5950000286102295
    ],
    [
      1.7303155660629272,
      0.4583023488521576,
      0.7193368077278137,
      0.5377280116081238,
      0.5377280116081238,
      0.8680826425552368,
      0.8680826425552368,
      0.9772824048995972,
      0.5922532081604004,
      8.532910346984863,
      0.4276949465274811,
      0.7450000047683716,
      0.699999988079071
    ],
    [
      1.7522759437561035,
      0.5590261220932007,
      0.5523057579994202,
      0.4718606173992157,
      0.4718606173992157,
      0.861892580986023,
      0.861892580986023,
      0.9981138110160828,
      0.6777667999267578,
      0.7671617269515991,
      0.8225430250167847,
      0.7350000143051147,
      0.7599999904632568
    ]
  ],
  "mean_results": [
    1.9794737895329793,
    0.7819684644540151,
    0.8695995410283407,
    0.548292467991511,
    0.548292467991511,
    0.882630467414856,
    0.882630467414856,
    0.9892367323239645,
    0.6800431211789449,
    6.613293449083964,
    0.5631459454695383,
    0.6766666769981384,
    0.6850000023841858
  ]
}