{
  "subject": 11,
  "variant": "ib",
  "fold_results": [
    [
      1.9343903064727783,
      0.6821562647819519,
      0.770435631275177,
      0.6789544224739075,
      0.6789544224739075,
      0.9127259850502014,
      0.9127259850502014,
      0.9949687719345093,
      1.159166932106018,
      1.405509114265442,
      0.8295769691467285,
      0.5849999785423279,
      0.5799999833106995
    ],
    [
      3.6051604747772217,
      1.8024641275405884,
      1.3136240243911743,
      0.6478615403175354,
      0.6478615403175354,
      0.8455491662025452,
      0.8455491662025452,
      0.9985195994377136,
      0.6883537173271179,
      0.5167087912559509,
      0.809288501739502,
      0.4749999940395355,
      0.5299999713897705
    ],
    [
      1.824966549873352,
      0.6474457383155823,
      0.65228271484375,
      0.6143054366111755,
      0.6143054366111755,
      0.9090315699577332,
      0.9090315699577332,
      0.9973249435424805,
      0.9669116735458374,
      2.056114673614502,
      0.840204119682312,
      0.5699999928474426,
      0.5950000286102295
    ]
  ],
  "mean_results": [
    2.4548391103744507,
    1.0440220435460408,
    0.9121141235033671,
    0.6470404664675394,
    0.6470404664675394,
    0.8891022404034933,
    0.8891022404034933,
    0.9969377716382345,
    0.9381441076596578,
    1.3261108597119649,
    0.8263565301895142,
    0.5433333218097687,
    0.5683333277702332
  ]
}