{
  "subject": 15,
  "variant": "ib",
  "fold_results": [
    [
      1.8085222244262695,
      0.7387646436691284,
      0.6516367197036743,
      0.7320219278335571,
      0.7320219278335571,
      0.9149909615516663,
      0.9149909615516663,
      0.9985679984092712,
      0.7365214228630066,
      0.23098812997341156,
      0.7086881995201111,
      0.5049999952316284,
      0.5649999976158142
    ],
    [
      1.9280776977539062,
      0.9277758598327637,
      0.6646018028259277,
      0.6659870147705078,
      0.6659870147705078,
      0.9569380879402161,
      0.9569380879402161,
      0.9708666801452637,
      3.1600241661071777,
      1.3918225765228271,
      0.7103862762451172,
      0.4749999940395355,
      0.5649999976158142
    ],
    [
      2.2561872005462646,
      0.9595097303390503,
      0.6956238746643066,
      0.5461490154266357,
      0.5461490154266357,
      0.8428748846054077,
      0.8428748846054077,
      0.9955682754516602,
      0.977717399597168,
      1.2805917263031006,
      0.6265693306922913,
      0.4050000011920929,
      0.6100000143051147
    ]
  ],
  "mean_results": [
    1.9975957075754802,
    0.8753500779469808,
    0.6706207990646362,
    0.6480526526769003,
    0.6480526526769003,
    0.9049346446990967,
    0.9049346446990967,
    0.9883343180020651,
    1.6247543295224507,
    0.9678008109331131,
    0.6818812688191732,
    0.46166666348775226,
    0.5800000031789144
  ]
}