{
  "subject": 5,
  "variant": "ib",
  "fold_results": [
    [
      2.771674156188965,
      0.7189730405807495,
      0.7269787788391113,
      0.2034766972064972,
      0.2034766972064972,
      0.44395092129707336,
      0.44395092129707336,
      0.9968496561050415,
      1.2115646600723267,
      0.6000534892082214,
      0.7128267884254456,
      0.5,
      0.5
    ],
    [
      2.7854766845703125,
      0.718633770942688,
      0.7759832739830017,
      0.36517783999443054,
      0.36517783999443054,
      0.6425519585609436,
      0.6425519585609436,
      0.8053991198539734,
      0.11585500091314316,
      93.19270324707031,
      0.23417772352695465,
      0.5400000214576721,
      0.5099999904632568
    ],
    [
      5.9941511154174805,
      3.951136350631714,
      1.301738977432251,
      0.4106593728065491,
      0.4106593728065491,
      0.7396039366722107,
      0.7396039366722107,
      0.9749956727027893,
      2.325291395187378,
      0.3194566071033478,
      0.7966650128364563,
      0.4000000059604645,
      0.44999998807907104
    ]
  ],
  "mean_results": [
    3.8504339853922525,
    1.7962477207183838,
    0.9349003434181213,
    0.32643797000249225,
    0.32643797000249225,
    0.6087022721767426,
    0.6087022721767426,
    0.9257481495539347,
    1.217570352057616,
    31.370737781127293,
    0.5812231749296188,
    0.48000000913937885,
    0.4866666595141093
  ]
}