{
  "subject": 4,
  "variant": "ib",
  "fold_results": [
    [
      1.873325228691101,
      0.7093774676322937,
      0.7039523124694824,
      0.7166953682899475,
      0.7166953682899475,
      0.9192166924476624,
      0.9192166924476624,
      0.9981509447097778,
      0.658194899559021,
      1.5014392137527466,
      0.8145681619644165,
      0.5600000023841858,
      0.4699999988079071
    ],
    [
      1.793107032775879,
      0.766840398311615,
      0.7245137095451355,
      0.6844736933708191,
      0.6844736933708191,
      0.9253115057945251,
      0.9253115057945251,
      0.998878538608551,
      0.9776531457901001,
      1.0113533735275269,
      0.7987512946128845,
      0.574999988079071,
      0.5799999833106995
    ],
    [
      1.8887780904769897,
      0.6762523651123047,
      0.6711326241493225,
      0.586212158203125,
      0.586212158203125,
      0.9337052702903748,
      0.9337052702903748,
      0.9777479767799377,
      0.673341691493988,
      1.6261762380599976,
      0.5752057433128357,
      0.5400000214576721,
      0.6100000143051147
    ]
  ],
  "mean_results": [
    1.8517367839813232,
    0.7174900770187378,
    0.6998662153879801,
    0.6624604066212972,
    0.6624604066212972,
    0.9260778228441874,
    0.9260778228441874,
    0.9915924866994222,
    0.7697299122810364,
    1.3796562751134236,
    0.7295083999633789,
    0.5583333373069763,
    0.5533333321412405
  ]
}