{
  "subject": 27,
  "variant": "ib",
  "fold_results": [
    [
      2.0901026725769043,
      0.7994027733802795,
      0.6869281530380249,
      0.6290456056594849,
      0.6290456056594849,
      0.9055466055870056,
      0.9055466055870056,
      0.9951685070991516,
      0.6282780766487122,
      4.8979105949401855,
      0.546960711479187,
      0.7350000143051147,
      0.7549999952316284
    ],
    [
      0.7338295578956604,
      0.383652001619339,
      0.2382378876209259,
      0.7594842314720154,
      0.7594842314720154,
      0.8957195281982422,
      0.8957195281982422,
      0.9998272657394409,
      1.2168806791305542,
      0.24807652831077576,
      0.8699560761451721,
      0.9150000214576721,
      0.925000011920929
    ],
    [
      1.0410479307174683,
      0.2199682742357254,
      0.2238374650478363,
      0.6318033337593079,
      0.6318033337593079,
      0.8489970564842224,
      0.8489970564842224,
      0.9898730516433716,
      0.9726182222366333,
      6.398018836975098,
      0.4961000084877014,
      0.8849999904632568,
      0.8849999904632568
    ]
  ],
  "mean_results": [
    1.2883267203966777,
    0.4676743497451146,
    0.383001168568929,
    0.673444390296936,
    0.673444390296936,
    0.8834210634231567,
    0.8834210634231567,
    0.9949562748273214,
    0.9392589926719666,
    3.8480019867420197,
    0.6376722653706869,
    0.8450000087420145,
    0.8549999992052714
  ]
}