{
  "subject": 23,
  "variant": "ib",
  "fold_results": [
    [
      2.482766628265381,
      1.052757978439331,
      0.8592110872268677,
      0.3367094099521637,
      0.3367094099521637,
      0.8075371980667114,
      0.8075371980667114,
      0.993753969669342,
      1.352579951286316,
      1.4793727397918701,
      0.5044478178024292,
      0.6600000262260437,
      0.6850000023841858
    ],
    [
      1.6315536499023438,
      0.664191722869873,
      0.3432307541370392,
      0.5985285639762878,
      0.5985285639762878,
      0.891867458820343,
      0.891867458820343,
      0.9991022944450378,
      1.0160199403762817,
      1.882088303565979,
      0.6838054656982422,
      0.7549999952316284,
      0.8199999928474426
    ],
    [
      1.6124072074890137,
      0.5159002542495728,
      0.5657840371131897,
      0.602635383605957,
      0.602635383605957,
      0.8388675451278687,
      0.8388675451278687,
      0.9939742088317871,
      0.47646215558052063,
      1.3382272720336914,
      0.37444376945495605,
      0.8050000071525574,
      0.7649999856948853
    ]
  ],
  "mean_results": [
    1.9089091618855794,
    0.7442833185195923,
    0.5894086261590322,
    0.5126244525114695,
    0.5126244525114695,
    0.8460907340049744,
    0.8460907340049744,
    0.9956101576487223,
    0.9483540157477061,
    1.5665627717971802,
    0.5208990176518759,
    0.7400000095367432,
    0.7566666603088379
  ]
}