{
  "subject": 7,
  "variant": "ib",
  "fold_results": [
    [
      2.173495292663574,
      0.7831240892410278,
      0.8333337903022766,
      0.7113657593727112,
      0.7113657593727112,
      0.9400871396064758,
      0.9400871396064758,
      0.9987697005271912,
      0.7140179872512817,
      0.16788290441036224,
      0.7394629716873169,
      0.6399999856948853,
      0.5849999785423279
    ],
    [
      1.536980390548706,
      0.7569788694381714,
      0.6921208500862122,
      0.7735495567321777,
      0.7735495567321777,
      0.8938651084899902,
      0.8938651084899902,
      0.9990506768226624,
      0.6458415389060974,
      0.4860120415687561,
      0.500264048576355,
      0.675000011920929,
      0.7200000286102295
    ],
    [
      2.2716801166534424,
      0.8328280448913574,
      1.071700930595398,
      0.5782370567321777,
      0.5782370567321777,
      0.940769612789154,
      0.940769612789154,
      0.9989370107650757,
      0.7151399850845337,
      0.7552675604820251,
      0.4921608567237854,
      0.5199999809265137,
      0.5099999904632568
    ]
  ],
  "mean_results": [
    1.9940519332885742,
    0.7909770011901855,
    0.8657185236612955,
    0.6877174576123556,
    0.6877174576123556,
    0.9249072869618734,
    0.9249072869618734,
    0.9989191293716431,
    0.6916665037473043,
    0.46972083548704785,
    0.5772959589958191,
    0.6116666595141093,
    0.6049999992052714
  ]
}