{
  "subject": 26,
  "variant": "ib",
  "fold_results": [
    [
      1.0350003242492676,
      0.3313233554363251,
      0.43090349435806274,
      0.7190396189689636,
      0.7190396189689636,
      0.9336800575256348,
      0.9336800575256348,
      0.9843683242797852,
      6.503241062164307,
      50.40060806274414,
      1.0137147903442383,
      0.8799999952316284,
      0.8600000143051147
    ],
    [
      1.0554101467132568,
      0.3889453113079071,
      0.34817320108413696,
      0.8002292513847351,
      0.8002292513847351,
      0.9453727006912231,
      0.9453727006912231,
      0.9985465407371521,
      0.9838547110557556,
      1.3993672132492065,
      0.5787891745567322,
      0.8899999856948853,
      0.8999999761581421
    ],
    [
      1.1198477745056152,
      0.3495122790336609,
      0.252096951007843,
      0.7005008459091187,
      0.7005008459091187,
      0.8854431509971619,
      0.8854431509971619,
      0.9978247284889221,
      3.8813743591308594,
      1.6688432693481445,
      1.1621793508529663,
      0.8999999761581421,
      0.8700000047683716
    ]
  ],
  "mean_results": [
    1.0700860818227131,
    0.35659364859263104,
    0.3437245488166809,
    0.7399232387542725,
    0.7399232387542725,
    0.9214986364046732,
    0.9214986364046732,
    0.9935798645019531,
    3.789490044116974,
    17.82293951511383,
    0.9182277719179789,
    0.8899999856948853,
    0.8766666650772095
  ]
}