{
  "subject": 2,
  "variant": "ib",
  "fold_results": [
    [
      1.3220499753952026,
      0.40976426005363464,
      0.4331505596637726,
      0.6114984154701233,
      0.6114984154701233,
      0.900621771812439,
      0.900621771812439,
      0.9978227019309998,
      0.7792492508888245,
      1.226525902748108,
      0.4589490294456482,
      0.800000011920929,
      0.8050000071525574
    ],
    [
      2.9326469898223877,
      1.7014350891113281,
      1.2142274379730225,
      0.6637629270553589,
      0.6637629270553589,
      0.8638525605201721,
      0.8638525605201721,
      0.9998700022697449,
      0.8053512573242188,
      0.2159290313720703,
      0.8233471512794495,
      0.675000011920929,
      0.7099999785423279
    ],
    [
      1.612037181854248,
      0.5678347945213318,
      0.4111078083515167,
      0.7103433609008789,
      0.7103433609008789,
      0.9080914258956909,
      0.9080914258956909,
      0.9659079313278198,
      2.301412582397461,
      105.9435806274414,
      0.5045111775398254,
      0.7599999904632568,
      0.8050000071525574
    ]
  ],
  "mean_results": [
    1.955578049023946,
    0.8930113812287649,
    0.6861619353294373,
    0.6618682344754537,
    0.6618682344754537,
    0.8908552527427673,
    0.8908552527427673,
    0.9878668785095215,
    1.295337696870168,
    35.795345187187195,
    0.5956024527549744,
    0.7450000047683716,
    0.7733333309491476
  ]
}