{
  "subject": 6,
  "variant": "ib",
  "fold_results": [
    [
      1.8380563259124756,
      0.7019691467285156,
      0.6709781885147095,
      0.6669660210609436,
      0.6669660210609436,
      0.8964395523071289,
      0.8964395523071289,
      0.9984602928161621,
      0.6919040083885193,
      0.33622077107429504,
      0.4654150903224945,
      0.5099999904632568,
      0.5899999737739563
    ],
    [
      2.3245346546173096,
      1.2478090524673462,
      0.7636200189590454,
      0.7097418904304504,
      0.7097418904304504,
      0.8730871081352234,
      0.8730871081352234,
      0.9970248341560364,
      1.1326736211776733,
      17.67875862121582,
      0.26741400361061096,
      0.5249999761581421,
      0.5149999856948853
    ],
    [
      2.295907974243164,
      0.88722163438797,
      0.8556360602378845,
      0.6731985807418823,
      0.6731985807418823,
      0.8531715273857117,
      0.8531715273857117,
      0.9954637289047241,
      1.4186595678329468,
      4.596160411834717,
      2.2353923320770264,
      0.5149999856948853,
      0.5049999952316284
    ]
  ],
  "mean_results": [
    2.1528329849243164,
    0.9456666111946106,
    0.7634114225705465,
    0.6833021640777588,
    0.6833021640777588,
    0.8742327292760214,
    0.8742327292760214,
    0.9969829519589742,
    1.0810790657997131,
    7.537046601374944,
    0.9894071420033773,
    0.5166666507720947,
    0.5366666515668234
  ]
}