{
  "subject": 13,
  "variant": "ib",
  "fold_results": [
    [
      2.148669958114624,
      0.9143357872962952,
      0.7619490027427673,
      0.5763872861862183,
      0.5763872861862183,
      0.8471900224685669,
      0.8471900224685669,
      0.9912930727005005,
      0.4035198390483856,
      1.3550325632095337,
      0.4583525061607361,
      0.574999988079071,
      0.5899999737739563
    ],
    [
      3.4168267250061035,
      1.760871171951294,
      0.8512496948242188,
      0.6687843203544617,
      0.6687843203544617,
      0.8453145623207092,
      0.8453145623207092,
      0.9987014532089233,
      0.7058499455451965,
      0.20302915573120117,
      0.39897698163986206,
      0.6000000238418579,
      0.625
    ],
    [
      2.263319492340088,
      0.7532734274864197,
      0.6489679217338562,
      0.4170045554637909,
      0.4170045554637909,
      0.818981945514679,
      0.818981945514679,
      0.9898521304130554,
      0.6938701868057251,
      0.7777441740036011,
      0.7105220556259155,
      0.550000011920929,
      0.5950000286102295
    ]
  ],
  "mean_results": [
    2.609605391820272,
    1.142826795578003,
    0.7540555397669474,
    0.554058720668157,
    0.554058720668157,
    0.837162176767985,
    0.837162176767985,
    0.9932822187741598,
    0.6010799904664358,
    0.7786019643147787,
    0.5226171811421713,
    0.575000007947286,
    0.6033333341280619
  ]
}