{
  "subject": 12,
  "variant": "ib",
  "fold_results": [
    [
      2.8547792434692383,
      1.153020977973938,
      1.0027105808258057,
      0.6154127717018127,
      0.6154127717018127,
      0.9332801103591919,
      0.9332801103591919,
      0.9951227903366089,
      0.44532421231269836,
      1.5814030170440674,
      0.524458646774292,
      0.5350000262260437,
      0.47999998927116394
    ],
    [
      5.076995372772217,
      3.8225038051605225,
      1.3838952779769897,
      0.779865562915802,
      0.779865562915802,
      0.9248756170272827,
      0.9248756170272827,
      0.9998599290847778,
      0.9460487961769104,
      0.18456414341926575,
      0.7609534859657288,
      0.4350000023841858,
      0.5699999928474426
    ],
    [
      2.0708518028259277,
      1.0663787126541138,
      0.6099071502685547,
      0.7630202174186707,
      0.7630202174186707,
      0.9057192206382751,
      0.9057192206382751,
      0.9998000264167786,
      0.5786523818969727,
      0.19717319309711456,
      0.6956947445869446,
      0.6449999809265137,
      0.6449999809265137
    ]
  ],
  "mean_results": [
    3.3342088063557944,
    2.013967831929525,
    0.9988376696904501,
    0.7194328506787618,
    0.7194328506787618,
    0.9212916493415833,
    0.9212916493415833,
    0.9982609152793884,
    0.6566751301288605,
    0.6543801178534826,
    0.6603689591089884,
    0.5383333365122477,
    0.5649999876817068
  ]
}