{
  "subject": 16,
  "variant": "ib",
  "fold_results": [
    [
      2.0225179195404053,
      0.9569288492202759,
      0.8488785624504089,
      0.696591854095459,
      0.696591854095459,
      0.8883051872253418,
      0.8883051872253418,
      0.9983001351356506,
      0.6824885606765747,
      0.7016589045524597,
      0.7152217030525208,
      0.7350000143051147,
      0.675000011920929
    ],
    [
      2.8091278076171875,
      1.4715557098388672,
      0.7636739611625671,
      0.6880912780761719,
      0.6880912780761719,
      0.8934103846549988,
      0.8934103846549988,
      0.9986690878868103,
      1.0370361804962158,
      0.796691358089447,
      0.7097116708755493,
      0.6150000095367432,
      0.6549999713897705
    ],
    [
      2.3762850761413574,
      1.0689359903335571,
      0.7363921403884888,
      0.6065880656242371,
      0.6065880656242371,
      0.8072913289070129,
      0.8072913289070129,
      0.9751278758049011,
      0.6448477506637573,
      2.9262473583221436,
      0.4640219211578369,
      0.6000000238418579,
      0.5899999737739563
    ]
  ],
  "mean_results": [
    2.40264360109965,
    1.1658068497975667,
    0.7829815546671549,
    0.6637570659319559,
    0.6637570659319559,
    0.8630023002624512,
    0.8630023002624512,
    0.990699032942454,
    0.788124163945516,
    1.4748658736546834,
    0.6296517650286356,
    0.6500000158945719,
    0.6399999856948853
  ]
}