{
  "subject": 8,
  "variant": "ib",
  "fold_results": [
    [
      2.2985880374908447,
      0.9787241816520691,
      0.9092422127723694,
      0.5895494818687439,
      0.5895494818687439,
      0.891198456287384,
      0.891198456287384,
      0.9965416789054871,
      1.2731950283050537,
      1.6689971685409546,
      0.6709924340248108,
      0.5649999976158142,
      0.5699999928474426
    ],
    [
      2.0320005416870117,
      0.8412737846374512,
      0.7721165418624878,
      0.6346014142036438,
      0.6346014142036438,
      0.9416375756263733,
      0.9416375756263733,
      0.9973238706588745,
      1.1557270288467407,
      1.5478841066360474,
      0.61368328332901,
      0.5149999856948853,
      0.47999998927116394
    ],
    [
      2.4733314514160156,
      0.9109175801277161,
      0.9573065638542175,
      0.691528856754303,
      0.691528856754303,
      0.8743271231651306,
      0.8743271231651306,
      0.9995698928833008,
      0.9646353125572205,
      0.2824142873287201,
      0.8303614258766174,
      0.6050000190734863,
      0.5
    ]
  ],
  "mean_results": [
    2.2679733435312905,
    0.9103051821390787,
    0.8795551061630249,
    0.6385599176088969,
    0.6385599176088969,
    0.9023877183596293,
    0.9023877183596293,
    0.9978118141492208,
    1.131185789903005,
    1.166431854168574,
    0.7050123810768127,
    0.5616666674613953,
    0.5166666607062022
  ]
}