{
  "subject": 9,
  "variant": "ib",
  "fold_results": [
    [
      0.7639113068580627,
      0.32359227538108826,
      0.11677206307649612,
      0.6528524160385132,
      0.6528524160385132,
      0.9327198266983032,
      0.9327198266983032,
      0.9998445510864258,
      0.9202080965042114,
      0.1690809577703476,
      0.8129664659500122,
      0.9150000214576721,
      0.9549999833106995
    ],
    [
      1.147268295288086,
      0.23997995257377625,
      0.24556712806224823,
      0.5014435648918152,
      0.5014435648918152,
      0.8350216746330261,
      0.8350216746330261,
      0.9905071258544922,
      0.6182180047035217,
      0.9625158905982971,
      0.5374211072921753,
      0.8999999761581421,
      0.8949999809265137
    ],
    [
      1.425245761871338,
      0.3263832926750183,
      0.3918190002441406,
      0.6991413831710815,
      0.6991413831710815,
      0.6647598147392273,
      0.6647598147392273,
      0.9993771314620972,
      0.8626623153686523,
      0.24232324957847595,
      0.6737293601036072,
      0.8600000143051147,
      0.8399999737739563
    ]
  ],
  "mean_results": [
    1.1121417880058289,
    0.29665184020996094,
    0.251386063794295,
    0.61781245470047,
    0.61781245470047,
    0.8108337720235189,
    0.8108337720235189,
    0.9965762694676717,
    0.8003628055254618,
    0.45797336598237354,
    0.6747056444485983,
    0.8916666706403097,
    0.8966666460037231
  ]
}