{
  "subject": 18,
  "variant": "ib",
  "fold_results": [
    [
      2.037198066711426,
      0.9232631325721741,
      0.7993142008781433,
      0.7262544631958008,
      0.7262544631958008,
      0.9166904091835022,
      0.9166904091835022,
      0.996087908744812,
      0.7539524435997009,
      1.3089643716812134,
      0.41498899459838867,
      0.36000001430511475,
      0.5149999856948853
    ],
    [
      2.2602787017822266,
      0.8365435004234314,
      0.8081110715866089,
      0.5657914280891418,
      0.5657914280891418,
      0.8508561253547668,
      0.8508561253547668,
      0.9797183871269226,
      0.38556283712387085,
      106.0955810546875,
      0.3123461902141571,
      0.49000000953674316,
      0.46000000834465027
    ],
    [
      2.03706431388855,
      0.6809716820716858,
      0.7099480628967285,
      0.5459885001182556,
      0.5459885001182556,
      0.8714991211891174,
      0.8714991211891174,
      0.9679602384567261,
      0.2204110324382782,
      2.9775373935699463,
      0.2732134163379669,
      0.5049999952316284,
      0.5299999713897705
    ]
  ],
  "mean_results": [
    2.111513694127401,
    0.813592771689097,
    0.7724577784538269,
    0.6126781304677328,
    0.6126781304677328,
    0.8796818852424622,
    0.8796818852424622,
    0.9812555114428202,
    0.45330877105395,
    36.79402760664622,
    0.3335162003835042,
    0.4516666730244954,
    0.501666655143102
  ]
}