{
  "subject": 20,
  "variant": "ib",
  "fold_results": [
    [
      2.0454797744750977,
      1.1045823097229004,
      0.6679939031600952,
      0.7377288937568665,
      0.7377288937568665,
      0.9611490368843079,
      0.9611490368843079,
      0.9969400763511658,
      0.17163999378681183,
      1.4396240711212158,
      0.7782087326049805,
      0.5550000071525574,
      0.5799999833106995
    ],
    [
      2.0264649391174316,
      0.6989713907241821,
      0.6674372553825378,
      0.5445569157600403,
      0.5445569157600403,
      0.8547506332397461,
      0.8547506332397461,
      0.9588603973388672,
      0.31196528673171997,
      0.6309060454368591,
      0.35562774538993835,
      0.5099999904632568,
      0.5450000166893005
    ],
    [
      1.9882457256317139,
      0.7078009247779846,
      0.7419176697731018,
      0.728732705116272,
      0.728732705116272,
      0.8471192121505737,
      0.8471192121505737,
      0.9973034262657166,
      0.436561644077301,
      0.1769726425409317,
      0.5180919766426086,
      0.6000000238418579,
      0.5899999737739563
    ]
  ],
  "mean_results": [
    2.0200634797414145,
    0.8371182084083557,
    0.6924496094385783,
    0.6703395048777262,
    0.6703395048777262,
    0.8876729607582092,
    0.8876729607582092,
    0.9843679666519165,
    0.30672230819861096,
    0.7491675863663355,
    0.5506428182125092,
    0.5550000071525574,
    0.5716666579246521
  ]
}