{
  "subject": 22,
  "variant": "ib",
  "fold_results": [
    [
      1.857649564743042,
      0.6766942143440247,
      0.6841467022895813,
      0.601656436920166,
      0.601656436920166,
      0.8896146416664124,
      0.8896146416664124,
      0.9963544011116028,
      0.38523027300834656,
      1.3112508058547974,
      0.6478341817855835,
      0.5450000166893005,
      0.5400000214576721
    ],
    [
      1.8778586387634277,
      0.7325925827026367,
      0.6922841668128967,
      0.5763454437255859,
      0.5763454437255859,
      0.9295974373817444,
      0.9295974373817444,
      0.9991218447685242,
      0.8779427409172058,
      0.41005292534828186,
      0.9223466515541077,
      0.5600000023841858,
      0.6050000190734863
    ],
    [
      2.030043125152588,
      0.950560986995697,
      0.7905030846595764,
      0.7194079756736755,
      0.7194079756736755,
      0.9206549525260925,
      0.9206549525260925,
      0.9966140985488892,
      0.2675454318523407,
      1.429351806640625,
      1.2234643697738647,
      0.46000000834465027,
      0.4699999988079071
    ]
  ],
  "mean_results": [
    1.9218504428863525,
    0.7866159280141195,
    0.7223113179206848,
    0.6324699521064758,
    0.6324699521064758,
    0.9132890105247498,
    0.9132890105247498,
    0.9973634481430054,
    0.5102394819259644,
    1.050218512614568,
    0.9312150677045187,
    0.5216666758060455,
    0.5383333464463552
  ]
}