{
  "subject": 19,
  "variant": "ib",
  "fold_results": [
    [
      1.6892170906066895,
      0.6116116642951965,
      0.4937942922115326,
      0.6798819303512573,
      0.6798819303512573,
      0.887191116809845,
      0.887191116809845,
      0.9944223165512085,
      0.8030175566673279,
      1.1798536777496338,
      0.7001879811286926,
      0.7749999761581421,
      0.7900000214576721
    ],
    [
      1.6959788799285889,
      0.6905916929244995,
      0.3017609119415283,
      0.5586424469947815,
      0.5586424469947815,
      0.8452993631362915,
      0.8452993631362915,
      0.9970769286155701,
      2.2596211433410645,
      12.662894248962402,
      0.845112144947052,
      0.8299999833106995,
      0.8700000047683716
    ],
    [
      1.585924506187439,
      0.6262132525444031,
      0.5395422577857971,
      0.6988818049430847,
      0.6988818049430847,
      0.8672416806221008,
      0.8672416806221008,
      0.998128354549408,
      1.1120996475219727,
      2.278218984603882,
      0.6417708992958069,
      0.8050000071525574,
      0.8349999785423279
    ]
  ],
  "mean_results": [
    1.6570401589075725,
    0.6428055365880331,
    0.4450324873129527,
    0.6458020607630411,
    0.6458020607630411,
    0.8665773868560791,
    0.8665773868560791,
    0.9965425332387289,
    1.3915794491767883,
    5.373655637105306,
    0.7290236751238505,
    0.8033333222071329,
    0.8316666682561239
  ]
}