{
  "subject": 10,
  "variant": "ib",
  "fold_results": [
    [
      3.0751960277557373,
      1.104986548423767,
      1.1940574645996094,
      0.5233698487281799,
      0.5233698487281799,
      0.8312970399856567,
      0.8312970399856567,
      0.9976162314414978,
      1.4747041463851929,
      1.291967749595642,
      1.0585228204727173,
      0.5450000166893005,
      0.550000011920929
    ],
    [
      2.737499475479126,
      1.0948837995529175,
      0.7704965472221375,
      0.4393365681171417,
      0.4393365681171417,
      0.8077128529548645,
      0.8077128529548645,
      0.9945749640464783,
      0.41844305396080017,
      5.073483943939209,
      0.3018348813056946,
      0.49000000953674316,
      0.5699999928474426
    ],
    [
      2.8585116863250732,
      2.072544813156128,
      0.6436026692390442,
      0.5576918721199036,
      0.5576918721199036,
      0.8319498896598816,
      0.8319498896598816,
      0.9970320463180542,
      0.25570613145828247,
      1.9525868892669678,
      0.5463281273841858,
      0.4350000023841858,
      0.6150000095367432
    ]
  ],
  "mean_results": [
    2.890402396519979,
    1.4241383870442708,
    0.869385560353597,
    0.5067994296550751,
    0.5067994296550751,
    0.8236532608668009,
    0.8236532608668009,
    0.9964077472686768,
    0.7162844439347585,
    2.7726795276006064,
    0.6355619430541992,
    0.49000000953674316,
    0.578333338101705
  ]
}