{
  "subject": 28,
  "variant": "ib",
  "fold_results": [
    [
      1.9792588949203491,
      0.7470313906669617,
      0.6879348754882812,
      0.5846890211105347,
      0.5846890211105347,
      0.8505748510360718,
      0.8505748510360718,
      0.9891036748886108,
      0.3025990426540375,
      3.4844858646392822,
      0.19047363102436066,
      0.5049999952316284,
      0.5450000166893005
    ],
    [
      2.259993553161621,
      1.0067354440689087,
      0.7805227637290955,
      0.6806875467300415,
      0.6806875467300415,
      0.928286612033844,
      0.928286612033844,
      0.994025707244873,
      0.37226730585098267,
      3.982027769088745,
      0.5418750643730164,
      0.44999998807907104,
      0.4350000023841858
    ],
    [
      3.0254557132720947,
      1.035678505897522,
      1.2477234601974487,
      0.6600281000137329,
      0.6600281000137329,
      0.8608371615409851,
      0.8608371615409851,
      0.9979623556137085,
      0.7302956581115723,
      0.25551867485046387,
      0.6319617629051208,
      0.4950000047683716,
      0.4950000047683716
    ]
  ],
  "mean_results": [
    2.4215693871180215,
    0.9298151135444641,
    0.9053936998049418,
    0.6418015559514364,
    0.6418015559514364,
    0.8798995415369669,
    0.8798995415369669,
    0.9936972459157308,
    0.46838733553886414,
    2.5740107695261636,
    0.45477015276749927,
    0.48333332935969037,
    0.49166667461395264
  ]
}